NOMBRE,PRECIONORMAL,PRECIODESCUENTO,DESCUENTO,ENVIO,CALIFICACION
Torre Gamer Amd Ryzen 5 00g +gb Ram +ssd 240 Radeon Pc,1900000,1539000,19,Envio gratis,4 
Torre Cpu Gamer Athlon 3000g Vega 3 240sdd 8gb  Pc,1350000,11000,18,Envio gratis,4  
Torre Cpu Gamer Athlon 3000g Vega 3 1tb gb Led 22 Pc,99900,1529910,10,Envio gratis,4
Pc Gamer Rgb Ryzen 5 00g + gb +ssd 500 + Monitor 22,2399000,19910,,Envio gratis,4 
Torre Cpu Gamer Ryzen 5 00g Vega 1tb 8gb Led 22 Pc,2099900,1889910,10,Envio gratis,4 
Torre Gamer Rgb Amd Ryzen 5 00g + gb + Ssd 240 Win11,2399000,2039150,15,Envio gratis,4 
Torre Gamer Amd Ryzen 5 00g +8gb Ram + Ssd 240 Radeon Pc,1820000,15100,20,Envio gratis,4
Torre Gamer Amd Ryzen 5 00g +gb Ram +ssd 240 Radeon Pc,1900000,1539000,19,Envio gratis,4 
Torre Cpu Gamer Ryzen 00g Vega 8 1tb 32gb Led 22 Pc,3099900,89910,10,Envio gratis,4 
Computador Intel Core  100 Uhd50 1tb 32gb Led 22 Pc,3049900,44910,10,Envio gratis,4 
Torre Pc Gamer Ryzen 5 00g gb Ram Disco Ssd 500 Gb,2050000,19500,5,Envio gratis,4 
Torre Cpu Gamer Athlon 3000g Vega 3 240sdd 8gb  Pc,1350000,11000,18,Envio gratis,4  
Torre Pc Gamer Ryzen 5 00g 32gb Ram Disco Ssd 500 Gb,99900,25908,8,Envio gratis,5
Torre Cpu Gamer Ryzen 00g Disco Solido 480 Gb  Gb Radeon,50000,500,5,Envio gratis,5
Computador Gamer Athlon 3000g Vega 3 1tb 8gb Led 22 Pc,1399900,1259910,10,Envio gratis,4
Torre Cpu Gamer Ryzen 5 00g Vega 1tb gb Led 22 Pc,2499900,2249910,10,Envio gratis,4
Torre Gamer Cpu Amd Ryzen 00g gb Ram Graficos Vega 8,2845540,1812553,31,Envio gratis,4
Computador Gamer Ryzen 00g Vega 8 512gb 32gb Led 22 Pc,99900,2429910,10,Envio gratis,5
Cpu Gamer Ryzen  00g Ram  Gb Dsolido 240 Gpu 8 Nucleo,1990000,1890500,5,Envio gratis,5 
Torre Gamer Cpu Amd Ryzen 5 00g gb Ram Graficos Vega,214550,184,31,Envio gratis,4
Pc Gamer Rgb Amd Ryze 00g + gb + Ssd 500 + Monitor,90000,2399400,14,Envio gratis,4
Torre Cpu Gamer Ryzen 00x Gpu 2gb Hdmi 1tb 32gb Pc,3549900,3194910,10,Envio gratis,5 
Computador Gamer Ryzen 5 Ram  Gb  Ssd 512 Gb Pantalla 22,1890000,95500,5,Envio gratis,5 
Pc Torre Gamer Cpu Core  100 32ram T Video Rtx 40 8g13950,3250000,3100000,15,Envio gratis,5
Torre Gamer Rgb Amd Ryzen 5 / Ram Ddr4 / Ssd 2gb Veg,1545000,1344150,13,Envio gratis,4 
Pc Gamer Rgb Ryzen 5 00g + gb + Ssd 512gb + Monitor,2499900,2399904,4,Envio gratis,5
Torre Cpu Intel Core  100 Uhd70 1tb gb Pc,4990055,3284910,10,Envio gratis,5 
