NOMBRE PC,PRECIO NORMAL,PRECIO DESCUENTO,DESCUENTO,ENVIO,CALIFICACION
Torre Gamer Amd Ryzen 5 5600g +16gb Ram +ssd 240 Radeon 7 Pc,1900000,1539000,19% OFF,Envio gratis,Calificacin 4.6 de 5  
Torre Cpu Gamer Athlon 3000g Vega 3 240sdd 8gb  Pc,1350000,1107000,18% OFF,Envio gratis,Calificacin 4.8 de 5  
Torre Cpu Gamer Athlon 3000g Vega 3 1tb 16gb Led 22 Pc,1699900,1529910,10% OFF,Envio gratis,Calificacin 4.6 de 5 
Pc Gamer Rgb Ryzen 5 5600g + 16gb +ssd 500 + Monitor 22 ,2399000,1991170,17% OFF,Envio gratis,Calificacin 4.9 de 5 
Torre Cpu Gamer Ryzen 5 4600g Vega 7 1tb 8gb Led 22 Pc,2099900,1889910,10% OFF,Envio gratis,Calificacin 4.9 de 5 
Torre Gamer Rgb Amd Ryzen 5 5600g + 16gb + Ssd 240 Win11 ,2399000,2039150,15% OFF,Envio gratis,Calificacin 4.8 de 5 
Torre Gamer Amd Ryzen 5 5600g +8gb Ram + Ssd 240 Radeon 7 Pc,1820000,1510600,17% OFF,Envio gratis,Calificacin 4.5 de 5 
Torre Gamer Amd Ryzen 5 5600g +16gb Ram +ssd 240 Radeon 7 Pc,1900000,1539000,19% OFF,Envio gratis,Calificacin 4.6 de 5  
Torre Cpu Gamer Ryzen 7 5700g Vega 8 1tb 32gb Led 22 Pc,3099900,2789910,10% OFF,Envio gratis,Calificacin 4.8 de 5 
Computador Intel Core I7 11700 Uhd 750 1tb 32gb Led 22 Pc,3049900,2744910,10% OFF,Envio gratis,Calificacin 4.9 de 5 
Torre Pc Gamer Ryzen 5 5600g 16gb Ram Disco Ssd 500 Gb,2050000,1947500,5% OFF,Envio gratis,Calificacin 4.8 de 5 
Torre Cpu Gamer Athlon 3000g Vega 3 240sdd 8gb  Pc,1350000,1107000,18% OFF,Envio gratis,Calificacin 4.8 de 5  
Torre Pc Gamer Ryzen 5 8600g 32gb Ram Disco Ssd 500 Gb,2799900,2575908,8% OFF,Envio gratis,Calificacin 5 de 5 
Torre Cpu Gamer Ryzen 5600g Disco Solido 480 Gb 16 Gb Radeon,1650000,1567500,5% OFF,Envio gratis,Calificacin 5 de 5 
Computador Gamer Athlon 3000g Vega 3 1tb 8gb Led 22 Pc,1399900,1259910,10% OFF,Envio gratis,Calificacin 4.6 de 5 
Torre Cpu Gamer Ryzen 5 5600g Vega 7 1tb 16gb Led 22 Pc,2499900,2249910,10% OFF,Envio gratis,Calificacin 4.7 de 5 
Torre Gamer Cpu Amd Ryzen 7 5700g 16gb Ram Graficos Vega 8,2628440,1813623,31% OFF,Envio gratis,Calificacin 4.7 de 5 
Computador Gamer Ryzen 7 5700g Vega 8 512gb 32gb Led 22 Pc,2699900,2429910,10% OFF,Envio gratis,Calificacin 5 de 5 
Cpu Gamer Ryzen 7  5700g Ram 16 Gb Dsolido 240 Gpu 8 Nucleo,1990000,1890500,5% OFF,Envio gratis,Calificacin 5 de 5  
Torre Gamer Cpu Amd Ryzen 5 5600g 16gb Ram Graficos Vega 7,2142750,1478497,31% OFF,Envio gratis,Calificacin 4 de 5 
Pc Gamer Rgb Amd Ryzen7 5700g + 16gb + Ssd 500 + Monitor ,2790000,2399400,14% OFF,Envio gratis,Calificacin 4.7 de 5 
Torre Cpu Gamer Ryzen 7 5700x Gpu 2gb Hdmi 1tb 32gb Pc,3549900,3194910,10% OFF,Envio gratis,Calificacin 5 de 5  
Computador Gamer Ryzen 5 Ram 16 Gb  Ssd 512 Gb Pantalla 22,1890000,1795500,5% OFF,Envio gratis,Calificacin 5 de 5  
Pc Torre Gamer Cpu Core I7 12700 32ram T Video Rtx 4060 8gb,6713950,4632625,31% OFF,Envio gratis,Calificacin 5 de 5 
Torre Gamer Rgb Amd Ryzen 5 / Ram Ddr4 / Ssd 256gb Vega7 ,1545000,1344150,13% OFF,Envio gratis,Calificacin 4.8 de 5 
Pc Gamer Rgb Ryzen 5 5600g + 16gb + Ssd 512gb + Monitor 27'',2499900,2399904,4% OFF,Envio gratis,Calificacin 5 de 5 
Torre Cpu Intel Core I7 12700 Uhd 770 1tb 16gb Pc,3649900,3284910,10% OFF,Envio gratis,Calificacin 5 de 5  
